Title,Scrapping Date,Article Date,Author,Link,Content
Jokowi soal Penanganan Inflasi RI: Cari Negara yang Detail Kayak Kita!,2024-08-19T09:32:41.134Z,"Selasa, 11 Okt 2022 12:48 WIB",,https://www.cnnindonesia.com/ekonomi/20221011111846-532-858950/jokowi-soal-penanganan-inflasi-ri-cari-negara-yang-detail-kayak-kita,"Jakarta, CNN Indonesia -- Presiden Joko Widodo (Jokowi) meyakini tidak ada negara lain yang melakukan kerja serinci Indonesia dalam mengendalikan tekanan inflasi.""Gak ada, cari negara yang kerja kayak kita detail gitu,"" ujar Jokowi saat menghadiri Investor Daily Summit 2022 di Jakarta, Selasa (11/10).Biasanya, sambung Jokowi, negara lain mengendalikan inflasi melalui bank sentral dengan menaikkan suku bunga acuan.
@import url(""https://cdnstatic.detik.com/live/_rmbassets/2022/parallax/parallax.css"");



ADVERTISEMENT









  









SCROLL TO CONTINUE WITH CONTENT


function paraA(e) {
var p = $(e);
$(e + "" .para_fix"").width(p.width());
}
$("".paraA iframe"").on(""load"", paraA("".paraA""));

Lihat Juga :Jokowi Waspadai Ekonomi Global: Negara Mana pun Bisa Terlempar ""Kita tidak hanya urusan menaikkan suku bunga yang itu menjadi kewenangan dari Bank Indonesia, tetapi dalam praktik riil kita juga langsung masuk ke sumbernya, yaitu apa? Kenaikan (harga) barang dan jasa,"" ujarnya.Dalam hal ini, kebijakan moneter yang dilakukan oleh bank sentral seiring dengan kebijakan fiskal yang dieksekusi pemerintah melalui Kementerian Keuangan (Kemenkeu).Misalnya, untuk meningkatkan daya beli masyarakat, pemerintah memberikan bantuan sosial hingga subsidi energi yang nilainya mencapai Rp502,6 triliun.'Saya lihat di keseharian antara BI dan Kemenkeu berjalan seiring, berjalannya rukun, komunikasi baik sehingga fiskal dan moneter bisa berjalan bersama,"" ujarnya.Lihat Juga :SBY: Dunia Bisa Alami 'Triple Crises'Untuk menjaga harga barang, ia juga melibatkan peran pemerintah daerah. Setidaknya, ia sudah dua kali mengumpulkan seluruh kepala daerah. Langkah itu akan terus dilakukan secara berkala dibarengi evaluasi setiap dua pekan sekali.Ia telah memberikan kewenangan kepada daerah untuk menggunakan Dana Transfer Umum (DTU) sebesar dua persen dan pos anggaran belanja tidak terduga di postur APBD masing-masing untuk upaya pengendalian inflasi.""Misalnya ada kenaikan bawang merah di sebuah provinsi, sebutlah Lampung, sumber bawang merah dimana, Brebes. Karena harga bawang merah naik di Lampung, pemda bisa langsung beli ke Brebes atau menutup ongkos transportasi dibebankan ke APBD,"" ujarnya.Di Jabodetabek, jika ada kenaikan harga telur ayam yang mendorong inflasi, pemerintah setempat bisa menanggung ongkos angkut untuk meningkatkan pasokan dari daerah produsen komoditas, seperti Blitar.Lihat Juga :BSU Tahap 5 Cair Hari Ini""Sudah ongkos angkut dari Blitar ke Jabodetabek ditutup oleh pemda. Sehingga harga itu adalah harga peternak, harga petani,"" katanya.Tak ayal, inflasi pada September lalu realisasinya hanya 5,9 persen atau di bawah perkiraan, 6,8 persen. Padahal, pada bulan yang sama pemerintah menaikkan harga BBM subsidi, pertalite dan solar.""Kalau kita bandingkan dengan negara lain, di Argentina (inflasi) sudah 85 persen dengan kenaikan suku 3.700 bps. Kita inflasi 5.9 persen dengan perubahan suku bunga di 75 bps,"" ujarnya.[Gambas:Video CNN] (fby/sfr)"
"Kebijakan Diskonto: Pengertian, Tujuan, dan Dampak",2024-08-19T09:32:45.565Z,"Minggu, 16 Jan 2022 14:34 WIB",,https://www.cnnindonesia.com/ekonomi/20220113174607-83-746302/kebijakan-diskonto-pengertian-tujuan-dan-dampak,"Jakarta, CNN Indonesia -- Bank Indonesia (BI) memiliki kebijakan untuk mengatur jumlah uang yang beredar di masyarakat yang disebut dengan kebijakan moneter.Dalam menjalankan kebijakan moneter, bank sentral memiliki sejumlah instrumen, yakni operasi pasar terbuka (open market policy), kebijakan diskonto (discount policy), giro wajib minimum (GWM), dan dorongan moral.Tulisan ini akan mengulas salah satu instrumen kebijakan moneter di atas yakni kebijakan diskonto, meliputi pengertian, tujuan, dan dampaknya.
@import url(""https://cdnstatic.detik.com/live/_rmbassets/2022/parallax/parallax.css"");



ADVERTISEMENT









  









SCROLL TO CONTINUE WITH CONTENT


function paraA(e) {
var p = $(e);
$(e + "" .para_fix"").width(p.width());
}
$("".paraA iframe"").on(""load"", paraA("".paraA""));

Lihat Juga :BI Perpanjang Waktu Laporan Bank Selama PPKM DiperpanjangPengertian DiskontoPengertian diskonto adalah adalah salah satu instrumen kebijakan moneter bank sentral untuk mengatur peredaran uang (Foto: Adhi Wicaksono)Aulia Pohan dalam Potret Kebijakan Moneter Indonesia menjelaskan fasilitas diskonto adalah kredit likuiditas yang diberikan oleh Bank Indonesia kepada bank umum.Selanjutnya, bank sentral dapat mengendalikan jumlah uang beredar melalui tingkat suku bunga fasilitas diskonto tersebut. Bank Indonesia akan menetapkan suku bunga diskonto tinggi apabila jumlah uang beredar melebihi target, sehingga bank umum akan mengurangi pengajuan dana likuiditas ke BI.Dengan berkurangnya likuiditas, maka bank juga menurunkan porsi kredit ke masyarakat sehingga uang beredar dapat berkurang.Sebaliknya, BI dapat melonggarkan suku bunga diskonto jika ingin menambah jumlah uang beredar di masyarakat.Mengutip dari laman Kementerian Pendidikan dan Kebudayaan, politik diskonto adalah pengaturan jumlah uang yang beredar melalui tingkat bunga bank sentral pada bank umum.Untuk diketahui, bank umum kadang-kadang mengalami masalah likuiditas sehingga harus meminjam ke Bank Indonesia.Guna menambah jumlah uang beredar, Bank Indonesia menurunkan tingkat bunga bank sentral. Sebaliknya, Bank Indonesia menaikkan tingkat bunga apabila ingin mengurangi jumlah uang yang beredar di masyarakat.Tujuan Kebijakan DiskontoTujuan kebijakan diskonto (Ilustrasi Foto: iStock/Maria Marganingsih)Seperti yang tertera sebelumnya, kebijakan diskonto sebagai salah satu instrumen kebijakan moneter bertujuan untuk mengatur jumlah uang beredar di masyarakat.Jika Bank Indonesia menilai jumlah uang beredar melebihi kebutuhan (yang menandakan gejala inflasi), maka bank sentral dapat mengeluarkan kebijakan untuk menaikkan suku bunga diskonto bagi bank umum.Apabila suku bunga diskonto naik, maka kecenderungannya bank umum mengurangi pinjaman likuiditas kepada bank sentral.Apabila likuiditas di bank umum berkurang, secara otomatis bank umum akan mengerem penyaluran kredit ke masyarakat. Dengan demikian, maka jumlah uang beredar berkurang.Sebaliknya, apabila bank sentral menilai perlu menambah uang beredar di masyarakat, maka Bank Indonesia akan menurunkan tingkat suku bunga diskonto bagi bank umum.Apabila suku bunga rendah, bank umum memiliki kecenderungan untuk menambah pinjaman likuiditas dari bank sentral.Dengan banyaknya likuiditas di bank umum, maka bank umum dapat menggenjot penyaluran kredit, sehingga uang beredar di masyarakat semakin bertambah.Dampak Kebijakan DiskontoDampak kebijakan diskonto (Ilustrasi Foto: iStock/rudi_suardi)Basuki dalam Kebijakan Moneter dan Kebijakan Fiskal Ekonomi mengatakan dampak kebijakan diskonto maupun kebijakan moneter secara umum adalah sebagai berikut:1. Menjaga stabilitas ekonomiJalannya roda perekonomian akan terganggu jika jumlah uang yang beredar melebihi atau lebih sedikit dari jumlah barang dan jasa yang beredar. Kondisi tersebut bisa memicu inflasi yang terlalu tinggi maupun deflasi.2. Menjaga stabilitas hargaTinggi rendahnya harga barang dan jasa sangat memengaruhi jalannya perekonomian. Harga barang dan jasa yang tinggi bisa mengakibatkan turunnya permintaan.Apabila permintaan turun, maka dapat menekan produktivitas dunia usaha. Oleh karena itu, Bank Indonesia perlu menjaga kestabilan harga barang dan jasa dengan menggunakan kebijakan moneter.3. Meningkatkan kesempatan kerjaDengan mengatur jumlah uang beredar di masyarakat maka diharapkan perekonomian akan menjadi stabil.Perekonomian yang stabil akan mendorong dunia usaha untuk melakukan investasi baru yang pada akhirnya dapat menyerap tenaga kerja dan meningkatkan kesempatan kerjaDemikian ulasan mengenai pengertian, tujuan, dan dampak kebijakan diskonto yang merupakan salah satu instrumen kebijakan moneter.Bank Indonesia sebagai otoritas moneter di Tanah Air terus berada di pasar untuk memantau dan menjaga stabilitas rupiah. (ulf/fef)
                    

                    
                    





  




                    

                                                
    [Gambas:Video CNN]
    
        var relatedVideos = JSON.parse('{""pageUrl"":""https:\/\/cnnindonesia.com\/ekonomi\/20240817230406-536-1134377\/aturan-yang-bolehkan-ditjen-pajak-intip-rekening-dengan-saldo-rp1-m"",""embedUrl"":""https:\/\/www.cnnindonesia.com\/embed\/video\/1134377"",""imageUrl"":""https:\/\/akcdn.detik.net.id\/visual\/2024\/08\/17\/aturan-yang-bolehkan-ditjen-pajak-intip-rekening-masyarakat-bersaldo-rp1-m_169.jpeg"",""time"":85,""title"":""Aturan yang Bolehkan Ditjen Pajak Intip Rekening dengan Saldo Rp1 M"",""animatedUrl"":""""}');"
"Mengenal Kebijakan Moneter: Definisi, Tujuan dan Instrumen",2024-08-19T09:32:48.592Z,"Selasa, 11 Jan 2022 14:10 WIB",,https://www.cnnindonesia.com/ekonomi/20220107155956-83-743925/mengenal-kebijakan-moneter-definisi-tujuan-dan-instrumen,"Jakarta, CNN Indonesia -- Tentu belum hilang dari ingatan kita mengenai krisis 1998 yang membuat rupiah mengalami depresiasi hingga menyentuh level Rp16 ribu per dolar AS.Kejatuhan rupiah tersebut menjadi pemicu krisis ekonomi yang berimbas pada gejolak di dalam negeri. Oleh sebab itu, untuk mencegah rupiah kembali jatuh, maka Bank Indonesia mengeluarkan sejumlah kebijakan moneter untuk menjaga stabilitas nilai tukar rupiah.Lihat Juga :Rupiah Menguat ke Rp14.350 di Tengah Kenaikan Kasus OmicronLantas, apa pengertian kebijakan moneter? Berikut definisi kebijakan moneter, tujuan, serta instrumennya.
@import url(""https://cdnstatic.detik.com/live/_rmbassets/2022/parallax/parallax.css"");



ADVERTISEMENT









  









SCROLL TO CONTINUE WITH CONTENT


function paraA(e) {
var p = $(e);
$(e + "" .para_fix"").width(p.width());
}
$("".paraA iframe"").on(""load"", paraA("".paraA""));

DefinisiUU Nomor 23 Tahun 1999 tentang Bank Indonesia mendefinisikan kebijakan moneter sebagai kebijakan yang ditetapkan dan dilaksanakan oleh Bank Indonesia untuk mencapai dan memelihara stabilitas nilai rupiah, yang dilakukan antara lain melalui pengendalian jumlah uang beredar dan atau suku bunga.Aturan tersebut menegaskan Bank Indonesia sebagai lembaga negara yang independen, bebas dari campur tangan pemerintah dan atau pihak-pihak lainnya. Oleh sebab itu, maka kebijakan moneter menjadi otoritas bank sentral. Sementara itu, Perry Warjiyo dan Solikin dalam buku Kebijakan Moneter di Indonesia menjelaskan, kebijakan moneter merupakan kebijakan otoritas moneter atau bank sentral dalam bentuk pengendalian besaran moneter untuk mencapai perkembangan kegiatan perekonomian yang diinginkan. Dalam hal ini, besaran moneter (monetary aggregates) antara lain dapat berupa uang beredar, uang primer, atau kredit perbankan.Ilustrasi. Kebijakan moneter dikeluarkan untuk menjaga stabilitas nilai tukar rupiah. (ANTARA FOTO/Dhemas Reviyanto)Perry dan Solikin mengatakan, perkembangan kegiatan yang diinginkan dari upaya kebijakan moneter adalah stabilitas ekonomi makro yang dicerminkan oleh stabilitas harga (rendahnya laju inflasi), membaiknya perkembangan output riil (pertumbuhan ekonomi), serta cukup luasnya lapangan atau kesempatan kerja yang tersedia.Oleh sebab itu, kebijakan moneter merupakan bagian integral dari kebijakan ekonomi makro. Pada umumnya, kebijakan moneter dilakukan dengan mempertimbangkan siklus kegiatan ekonomi, sifat perekonomian suatu negara tertutup atau terbuka, serta faktor fundamental ekonomi lainnya.Dalam kajian literatur dikenal dua jenis kebijakan moneter, yakni kebijakan moneter ekspansif dan kontraktif.Kebijakan moneter ekspansif (monetary expansive policy) adalah kebijakan moneter yang bertujuan untuk mendorong kegiatan ekonomi. Kebijakan ini dilakukan antara lain melalui meningkatkan jumlah uang beredar, atau disebut juga dengan kebijakan moneter longgar (easy money policy).Kebijakan moneter kontraktif (monetary contractive policy) adalah kebijakan moneter yang bertujuan untuk memperlambat kegiatan ekonomi. Kebijakan ini dilakukan antara lain dengan mengurangi jumlah uang beredar, atau disebut juga dengan kebijakan uang ketat (tight money policy).Lihat Juga :500 Orang Terkaya Dunia Tumpuk Harta Rp14.350 T Sepanjang 2021TujuanTujuan kebijakan moneter yang diselenggarakan oleh bank sentral adalah untuk mencapai dan memelihara stabilitas nilai tukar rupiah seperti yang tercantum dalam UU tentang Bank Indonesia.Stabilitas nilai tukar rupiah yang dimaksud mempunyai dua dimensi. Pertama, stabilitas nilai tukar rupiah terhadap harga-harga barang dan jasa yang tercermin dari perkembangan laju inflasi. Kedua, stabilitas nilai tukar rupiah terhadap mata uang negara lain.Indonesia menganut sistem nilai tukar mengambang (free floating). Namun, peran kestabilan nilai tukar sangat penting dalam mencapai stabilitas harga dan sistem keuangan.Simak selengkapnya mengenai kebijakan moneter di halaman berikutnya..                    

                    
                    
                    





  




                    

                    

    
         Mengenal Kebijakan Moneter: Definisi, Tujuan dan Instrumen 
        BACA HALAMAN BERIKUTNYA
    




     HALAMAN: 
    
                 
                    
                                    1
                            2"
Singapura Perketat Kebijakan Moneter Demi Tekan Inflasi,2024-08-19T09:32:54.578Z,"Jumat, 15 Okt 2021 05:20 WIB",,https://www.cnnindonesia.com/ekonomi/20211014145616-78-707817/singapura-perketat-kebijakan-moneter-demi-tekan-inflasi,"Jakarta, CNN Indonesia -- Bank Sentral Singapura (Monetary Authority of Singapore/MAS) memperketat kebijakan moneter untuk pertama kalinya sejak tiga tahun terakhir. Hal ini dilakukan untuk menekan inflasi di tengah pandemi covid-19 yang membuat rantai pasok yang terhambat.Saat ini, bankir di seluruh dunia bekerja keras dalam mendukung pemulihan ekonomi sembari mencegah kenaikan harga dalam jangka panjang.Tindakan bank sentral ini dilakukan setelah ekonomi Singapura naik 6,5 persen secara tahunan pada kuartal III 2021. Ini menandakan pemulihan ekonomi setelah tahun lalu masuk jurang resesi yang dalam akibat pandemi.
@import url(""https://cdnstatic.detik.com/live/_rmbassets/2022/parallax/parallax.css"");



ADVERTISEMENT









  









SCROLL TO CONTINUE WITH CONTENT


function paraA(e) {
var p = $(e);
$(e + "" .para_fix"").width(p.width());
}
$("".paraA iframe"").on(""load"", paraA("".paraA""));

Lihat Juga :Wanda Hamidah Minta Jokowi Lindungi dari Kebrutalan AsuransiSingapura telah mengumumkan untuk hidup berdampingan dengan virus serta meningkatkan tingkat vaksinasi. Pemerintah setempat membuka ekonomi dan pariwisata dengan tingkat vaksin mencapai 85 persen.Sementara itu, inflasi menjadi masalah di berbagai penjuru dunia dan menghambat rantai pasok global. Kondisi ini mendorong bank sentral lain seperti Selandia Baru dan Korea Selatan untuk mengetatkan kebijakan moneternya. Ekonom Regional CIMB Bank Song Seng Wun mengatakan tindakan Singapura merupakan respons terhadap inflasi global yang mungkin akan bertahan dalam waktu yang lama.Lihat Juga :Pemerintah Bakal Beri PNS Royalti""Bagi Singapura, sebagai negara yang melakukan impor segala jenis barang, tidak dapat menghindari kurs mata uang yang kuat diperlukan untuk menjaga inflasi sebaik mungkin,"" kata Wun dikutip dari AFP, Kamis (14/10).Kebijakan ini menjadi lebih penting ketika ekonomi Singapura diperkirakan akan terus bertumbuh tahun depan dengan berbagai pelonggaran dan kemudahan berwisata.Kebijakan moneter ini dilakukan dengan menjaga mata uangnya dengan mata uang mitra dagang utama lainnya. MAS mengatakan kebijakan ini akan dinaikkan secara perlahan. Dengan demikian, dapat dipastikan stabilitas harga dalam jangka menengah akan terjaga.Hingga saat ini, kasus positif covid-19 di Singapura menyentuh angka 135 ribu dengan angka kematian yang rendah sebesar 192 kasus.[Gambas:Video CNN] (fry/sfr)"
Daftar Negara Rentan Terkena Tapering Off The Fed,2024-08-19T09:32:57.582Z,"Senin, 06 Sep 2021 08:33 WIB",,https://www.cnnindonesia.com/ekonomi/20210906082722-532-690110/daftar-negara-rentan-terkena-tapering-off-the-fed,"Jakarta, CNN Indonesia -- Nomura Securities menyebut 10 negara rentan terimbas pengetatan kebijakan moneter (tapering off) bank sentral Amerika Serikat (AS) atau The Fed. Hal ini tertuang dalam riset Nomura pada akhir Agustus 2021 lalu.Mengutip riset Nomura, Senin (6/9), Indonesia menjadi salah satu negara yang rentan akibat tapering off The Fed. Selain Indonesia, ada pula Brasil, Kolombia, Chile, Peru, Hungaria, Romania, Turki, Afrika Selatan, dan Filipina.Nomura sebenarnya telah memasukkan Indonesia sebagai salah satu negara yang rapuh jika The Fed melakukan tapering pada 2013. Saat itu, Nomura memasukkan lima negara yang terdiri dari Brasil, India, Turki, Afrika Selatan, dan Indonesia.
@import url(""https://cdnstatic.detik.com/live/_rmbassets/2022/parallax/parallax.css"");



ADVERTISEMENT









  









SCROLL TO CONTINUE WITH CONTENT


function paraA(e) {
var p = $(e);
$(e + "" .para_fix"").width(p.width());
}
$("".paraA iframe"").on(""load"", paraA("".paraA""));

Lihat Juga :Tarif PCR dan Antigen Turun, Penumpang di Bandara Bali Naik""Kami tidak setuju dengan mereka yang percaya bahwa pasar negara berkembang dalam posisi yang lebih tangguh dari taper tantrum pada 2013,"" papar Nomura.Menurut riset Nomura, negara-negara berkembang telah menemukan sumber kerentanan baru. Sumber itu adalah pertumbuhan ekonomi yang lemah, inflasi yang meningkat, dan fiskal yang semakin merosot. Nomura menyebut ekonomi negara berkembang sebenarnya sudah membaik sejak taper tantrum pada 2013 lalu. Hal ini terlihat dari defisit transaksi berjalan dan cadangan devisa.Namun, pandemi covid-19 merusak perekonomian di seluruh negara, khususnya negara berkembang. Fundamental ekonomi di sejumlah negara berkembang memburuk sepanjang 2020.Lihat Juga :Promo Tes PCR Garuda Indonesia Rp1 untuk PenumpangBahkan, Nomura memproyeksi ekonomi di negara berkembang akan semakin buruk pada tahun-tahun mendatang. Hal ini karena arus modal asing akan keluar ketika The Fed melakukan tapering.Padahal, beberapa tahun terakhir modal asing terus masuk ke negara berkembang. Namun, negara berkembang harus siap-siap kehilangan arus modal dari investor asing ketika The Fed mulai melakukan tapering off.""Semakin besar arus modal yang masuk selama masa baik ini bisa berbalik menjadi arus modal asing yang keluar,"" tulis Nomura.Lalu, utang negara berkembang yang meningkat juga akan menjadi tantangan untuk tahun-tahun mendatang. Selain itu, Nomura juga khawatir defisit fiskal yang melebar di negara berkembang akan berpengaruh terhadap defisit transaksi berjalan.Lihat Juga :REKOMENDASI SAHAMPilihan Saham Tokcer di Tengah Kebangkitan PasarDiketahui, tapering off artinya mengurangi stimulus moneter yang dikeluarkan bank sentral saat perekonomian sedang terancam dan membutuhkan banyak suntikan likuiditas.Likuiditas bisa diberikan dengan memangkas suku bunga acuan bank ke level yang sangat rendah hingga nol persen. Hal ini dibutuhkan untuk mendorong pelaku usaha mengajukan kredit, sehingga uang tetap beredar di masyarakat.Selain itu, likuiditas juga bisa diberikan dalam bentuk pembelian surat utang negara. Pembelian dilakukan demi memastikan pemerintah memiliki likuiditas yang cukup untuk menangani ketidakpastian ekonomi.[Gambas:Video CNN] (aud/bir)"
Pemerintah Hitung Risiko Kenaikan Suku Bunga AS,2024-08-19T09:33:01.596Z,"Jumat, 04 Jun 2021 23:30 WIB",,https://www.cnnindonesia.com/ekonomi/20210604170336-532-650495/pemerintah-hitung-risiko-kenaikan-suku-bunga-as,"Jakarta, CNN Indonesia -- Pemerintah mewaspadai inflasi Amerika Serikat (AS) yang terus meningkat. Pasalnya, hal ini akan mempengaruhi The Fed dalam menentukan kebijakan moneter.Kepala Badan Kebijakan Fiskal (BKF) Kementerian Keuangan (Kemenkeu) Febrio Kacaribu mengatakan bank sentral AS berpotensi mengerek suku bunga acuan jika inflasi AS terus meningkat. Kebijakan itu akan berdampak pada suku bunga acuan negara lain, termasuk Indonesia.""Inflasi di AS ini terus menguat dan ekspektasi inflasi ini yang kami waspadai. Ini sudah mulai menunjukkan kekhawatiran di pasar,"" ucap Febrio dalam diskusi online, Jumat (4/6).
@import url(""https://cdnstatic.detik.com/live/_rmbassets/2022/parallax/parallax.css"");



ADVERTISEMENT









  









SCROLL TO CONTINUE WITH CONTENT


function paraA(e) {
var p = $(e);
$(e + "" .para_fix"").width(p.width());
}
$("".paraA iframe"").on(""load"", paraA("".paraA""));

Baca juga:Pemerintah Sudah Cairkan Gaji ke-13 PNS Rp10,7 TSebelumnya, Menteri Keuangan Sri Mulyani mengatakan ada potensi pengetatan kebijakan moneter (taper tantrum) oleh The Fed akibat inflasi AS. Sebab, inflasi AS saat ini sudah tembus lebih dari 4 persen.""Belajar dari fenomena terdahulu seperti terjadinya taper tantrum pada 2013, di mana ekspektasi normalisasi kebijakan moneter AS dapat mendorong, menimbulkan spill over atau efek rambatan yaitu pembalikan arus modal dari negara-negara berkembang,"" ungkap Sri Mulyani. Menurutnya, inflasi AS karena pemerintah menggelontorkan stimulus jumbo di tengah pemulihan ekonomi pasca dihantam covid-19. Diketahui, pemerintah AS menggelontorkan insentif fiskal sebesar US$1,9 triliun.Baca juga:Subsidi Listrik Rumah Indekos Daya 450 VA Terancam DicabutLonjakan inflasi AS pun menjadi perhatian dunia. Untuk Indonesia sendiri, Sri Mulyani menyebut inflasi di negeri Paman Sam akan mempengaruhi pergerakan surat berharga negara (SBN), pasar modal, dan pasar uang.Sementara, Deputi Direktur Departemen Kebijakan Ekonomi dan Moneter (DKEM) Bank Indonesia Riza Tyas Utami mengatakan tak khawatir dengan potensi taper tantrum AS. Menurutnya, kondisi pasar keuangan Indonesia berbeda dengan 2013 lalu ketika taper tantrum terjadi.Riza menyatakan bank sentral Indonesia sudah memiliki tiga strategi intervensi (triple intervention) guna mengatasi risiko tersebut. Strategi tersebut, antara lain melakukan intervensi pasar, memiliki stabilitas sistem keuangan yang lebih tangguh, memperkuat kerja sama internasional.[Gambas:Video CNN] (aud/age)"
Sri Mulyani Antisipasi Dampak Pengetatan Moneter AS,2024-08-19T09:33:03.700Z,"Senin, 31 Mei 2021 13:26 WIB",,https://www.cnnindonesia.com/ekonomi/20210531130400-532-648718/sri-mulyani-antisipasi-dampak-pengetatan-moneter-as,"Jakarta, CNN Indonesia -- Menteri Keuangan Sri Mulyani Indrawati mengantisipasi kondisi pasar yang bergejolak karena pengetatan kebijakan moneter (taper tantrum) Amerika Serikat (AS) seperti pada 2013 lalu.Ia mengatakan ada potensi pengetatan kebijakan moneter oleh bank sentral AS The Federal Reserves (The Fed) lantaran tingkat inflasi AS saat ini terkerek naik bahkan melebihi 4 persen.""Belajar dari fenomena terdahulu seperti terjadinya taper tantrum pada 2013, di mana ekspektasi normalisasi kebijakan moneter AS dapat mendorong, menimbulkan spill over atau efek rambatan yaitu pembalikan arus modal dari negara-negara berkembang,"" ujarnya dalam Rapat Paripurna DPR RI, Senin (31/5).
@import url(""https://cdnstatic.detik.com/live/_rmbassets/2022/parallax/parallax.css"");



ADVERTISEMENT









  









SCROLL TO CONTINUE WITH CONTENT


function paraA(e) {
var p = $(e);
$(e + "" .para_fix"").width(p.width());
}
$("".paraA iframe"").on(""load"", paraA("".paraA""));

Baca juga:Sri Mulyani Ungkap Siasat Kelola Utang pada 2022Ani, sapaan akrabnya, mengatakan kenaikan tingkat inflasi di AS disebabkan oleh percepatan pemulihan ekonomi dan stimulus fiskal jumbo. Seperti diketahui, pemerintah AS menggelontorkan stimulus fiskal senilai US$1,9 triliun untuk mengatasi dampak pandemi covid-19.""Hal ini menimbulkan dampak inflasi yang bahkan mencapai di atas 4 persen dan menimbulkan dinamika ekspektasi inflasi di AS yang tinggi,"" imbuhnya. Menurutnya, guncangan tersebut akan memengaruhi berbagai variabel di Indonesia, tidak hanya di pasar Surat Berharga Negara (SBN), namun juga di pasar modal dan pasar uang. Pada 2020 lalu saja, kata dia, tingkat imbal hasil (yield) SBN Indonesia sudah mencapai 6,32 persen-7,27 persen karena kebutuhan pembiayaan untuk penanganan pandemi covid-19.""Asumsi tingkat suku bunga SUN 10 tahun pada tahun 2022 mencerminkan kebutuhan pembiayaan APBN yang masih sangat besar dan di sisi lain ada risiko ketidakpastian dari pasar keuangan global yang berlangsung,"" katanya.Baca juga:Kiprah Bisnis Abdee Slank Sebelum Jadi Komisaris TelkomOleh sebab itu, guna mengantisipasi dampak guncangan global ia menuturkan pemerintah bekerja sama dengan Bank Indonesia (BI) dan Otoritas Jasa Keuangan (OJK). Salah satu langkahnya adalah dengan program pendalaman dan pengembangan pasar keuangan.""Pasar keuangan domestik yang semakin dalam, aktif, dan likuid akan memberikan dukungan stabilitas pasar keuangan dan pasar SBN termasuk pasar modal yang pada akhirnya akan mencerminkan yield SUN yang kompetitif dan cenderung menurun,"" ujarnya.Sebelumnya, BI menyatakan tidak khawatir terhadap potensi taper tantrum AS akibat pengetatan kebijakan moneter The Fed. Pasalnya, bank sentral memperkirakan kondisi pasar keuangan Indonesia berbeda dengan 2013 lalu ketika taper tantrum terjadi.Deputi Direktur Departemen Kebijakan Ekonomi dan Moneter (DKEM) BI Riza Tyas Utami mengatakan BI sudah memiliki tiga strategi intervensi (triple intervention) guna mengatasi risiko tersebut.Baca juga:Melihat Gurita Bisnis Peter Sondakh""Tetapi yang perlu diingat, kami dulu mengalami taper tantrum 2013, dengan sekarang, kondisinya jauh berbeda. Dulu kami hanya punya spot intervention (intervensi di pasar spot), sekarang kami bahkan punya triple interventions,"" ujarnya dalam sesi jumpa wartawan, Kamis (24/3).Strategi pertama, kata dia, BI akan melakukan intervensi di pasar, tidak hanya di pasar spot. Strategi itu akan digunakan untuk menangkal dampak kenaikan yield treasury AS (US Treasury) yang bisa membuat investor asing kabur dari pasar obligasi RI.Kedua, BI telah memiliki Stabilitas Sistem Keuangan (SSK) yang lebih tangguh. Penguatan ini dilakukan bank sentral bersama anggota Komite Stabilitas Sistem Keuangan (KSSK) lain yakni OJK, Kementerian Keuangan, dan Lembaga Penjamin Simpanan (LPS).Ketiga, BI memperkuat kerja sama internasional baik dengan negara maupun lembaga keuangan internasional. Salah satunya adalah kerjasama transaksi perdagangan bilateral dan investasi langsung atau Local Currency Settlement (LCS) dengan sejumlah negara.Selain itu, pejabat sektor keuangan Indonesia aktif ikut serta dalam berbagai forum koordinasi sektor keuangan internasional seperti G20, OECD, IMF, dan sebagainya.[Gambas:Video CNN] (ulf/sfr)"
"BI Tahan Bunga Acuan 3,5 Persen pada Mei 2021",2024-08-19T09:33:06.797Z,"Selasa, 25 Mei 2021 14:41 WIB",,https://www.cnnindonesia.com/ekonomi/20210525142551-78-646741/bi-tahan-bunga-acuan-35-persen-pada-mei-2021,"Jakarta, CNN Indonesia -- Rapat Dewan Gubernur Bank Indonesia (RDG BI) memutuskan untuk mempertahankan tingkat suku bunga acuan (7 Days Reverse Repo Rate/7DRR) sebesar 3,5 persen pada Mei 2021. Begitu pula dengan tingkat suku bunga deposit facility dan bunga lending facility masing-masing tetap di 2,75 persen dan 4,25 persen.""Rapat Dewan Gubernur Bank Indonesia pada 24-25 Mei 2021 memutuskan untuk mempertahankan BI 7DRR sebesar 3,5 persen,"" ungkap Gubernur BI Perry Warjiyo dalam konferensi pers hasil RDG BI periode Mei 2021 secara virtual, Selasa (25/5).Perry mengatakan kebijakan ini diambil setelah mempertimbangkan kondisi ekonomi di global maupun domestik. Dari sisi global, Perry menilai pemulihan ekonomi global masih berlanjut meski ketidakpastian belum mereda.
@import url(""https://cdnstatic.detik.com/live/_rmbassets/2022/parallax/parallax.css"");



ADVERTISEMENT









  









SCROLL TO CONTINUE WITH CONTENT


function paraA(e) {
var p = $(e);
$(e + "" .para_fix"").width(p.width());
}
$("".paraA iframe"").on(""load"", paraA("".paraA""));

Baca juga:Semua Gerai Giant Tutup per Juli 2021Hal ini tercermin dari kuatnya ekonomi Amerika Serikat yang didorong tingginya permintaan dan stimulus fiskal. Begitu juga dengan China yang didukung konsumsi dan investasi mereka.""Tapi cepatnya pemulihan ekonomi di negara berkembang tidak sekuat negara maju, termasuk dari sisi kemampuan stimulus fiskal dan penanganan covid-19,"" ujarnya. Selanjutnya, Perry juga melihat ada potensi perbaikan ekonomi ke depan. Hal ini terlihat dari perbaikan PMI global dan kinerja ekspor beberapa negara, termasuk Indonesia.Di dalam negeri, perekonomian juga membaik. Hal ini tercermin dari kontraksi pertumbuhan ekonomi yang lebih rendah pada kuartal I 2021.Baca juga:Menaker Beberkan Alasan RI Bisa Kebanjiran TKA dari ChinaKendati begitu, Perry menilai konsumsi masyarakat belum sepenuhnya membaik dan tidak merata. Namun, tingkat kepercayaan konsumen sudah mulai meningkat sejalan dengan naiknya laju PMI manufaktur dan produksi industri.""Dengan perkembangan tersebut, pertumbuhan ekonomi tetap pada kisaran BI, yaitu 4,1 persen sampai 5,1 persen,"" ucapnya.Bank sentral juga mencatat cadangan devisa sebesar US$138,8 miliar atau setara pembiayaan 10 bulan impor atau 9,6 impor dan pembayaran utang luar negeri pemerintah. Jumlahnya di atas standar kecukupan internasional.Lalu, defisit transaksi berjalan (current account deficit/CAD) diperkirakan tetap berada di kisaran 1 persen sampai 2 persen pada tahun ini. Kemudian, BI mencatat rupiah terdepresiasi 1,21 persen dibanding akhir Desember 2021.Baca juga:10 Tanda Ekonomi RI Sembuh dari Corona Versi Sri MulyaniSelanjutnya, inflasi tetap terjaga rendah dan berada di kisaran target BI sebear 3 persen plus minus 1 persen.Dari sisi likuiditas nasional, Perry memastikan kondisinya masih cukup longgar karena suntikan likuiditas (quantitative easing/QE) dari BI mencapai Rp88,9 triliun pada 2021. BI juga membeli Surat Berharga Negara (SBN) untuk pembiayaan Anggaran Pendapatan dan Belanja Negara (APBN) mencapai Rp188,34 triliun di pasar perdana dari awal tahun.Kebijakan BI ini membuat likuiditas longgar di pasar keuangan. Tercermin dari rasio Alat Liquid terhadap Dana Pihak Ketiga (AL/DPK) sebesar 33,67 persen, pertumbuhan DPK 10,94 persen, dan rasio kecukupan modal (Capital Adequacy Ratio/CAR) bank sebesar 24,05 persen.Rasio kredit bermasalah (Non Performing Loan/NPL) sebesar 3,1 persen (gross) atau 1,02 persen (net). Sementara pertumbuhan kredit bank terkontraksi 2,28 persen pada April 2021.""Ini karena belum tingginya permintaan dari dunia usaha. Namun ke depan, kredit perbankan diperkirakan meningkat mulai kuartal II 2021,"" tandasnya. [Gambas:Video CNN] (uli/sfr)"
Plus Minus BI Tak Lagi Independen Gegara RUU Sistem Keuangan,2024-08-19T09:33:09.780Z,"Selasa, 20 Apr 2021 06:58 WIB",,https://www.cnnindonesia.com/ekonomi/20210419182929-78-631896/plus-minus-bi-tak-lagi-independen-gegara-ruu-sistem-keuangan,"Jakarta, CNN Indonesia -- Ekonom Bank Permata Josua Pardede mengungkap plus minus bila Bank Indonesia (BI) tak independen lagi. Pandangan ini muncul karena pasar khawatir Rancangan Undang-Undang (RUU) Sistem Keuangan yang tengah digagas pemerintah saat ini akan melemahkan independensi.Dari sisi plus, menurut Josua, bila pemerintah ingin seluruh otoritas keuangan berada dalam satu payung yang sama, maka wewenang dan tugas BI nantinya tidak cuma seputar kebijakan moneter dan makroprudensial. Tapi juga masuk hal-hal yang lebih mikro, misalnya terkait pertumbuhan ketenagakerjaan.""Saat ini beberapa bank sentral (di dunia) memasukkan (wewenang) terkait employment, meski memang tidak banyak bank sentral di dunia yang memasukkan faktor employment dalam policy moneternya,"" ungkap Josua dalam diskusi bertajuk 'Akahkah Kembali ke Sistem Sentralistis?', Senin (19/4).
@import url(""https://cdnstatic.detik.com/live/_rmbassets/2022/parallax/parallax.css"");



ADVERTISEMENT









  









SCROLL TO CONTINUE WITH CONTENT


function paraA(e) {
var p = $(e);
$(e + "" .para_fix"").width(p.width());
}
$("".paraA iframe"").on(""load"", paraA("".paraA""));

Lihat juga:Belum Ada Laporan Perusahaan Tak Sanggup Bayar THR ke MenakerMenurutnya, bila wewenang bertambah maka pengambilan kebijakan bisa lebih menyeluruh, tidak seperti saat ini. Selain itu, penguatan koordinasi mungkin saja lebih baik dan hal ini sangat dibutuhkan.Penguatan koordinasi bisa membuat para lembaga di Komite Stabilitas Sistem Keuangan (KSSK) mampu mengantisipasi permasalahan di bidang keuangan dengan lebih dini. Apalagi bila didukung dengan sumber data dan informasi yang terkoordinasi jadi satu, berkualitas, akurat, dan kredibel. Tapi, nantinya kebijakan BI bukan cuma berasal dari gubernurnya saja, melainkan juga dari para pemimpin lembaga pengawasan sistem keuangan di bawah KSSK. Artinya, independensi bank sentral akan hilang.Masalahnya, beberapa pengalaman pengubahan independensi bank sentral justru memberikan dampak minus, yaitu terganggunya stabilitas sistem keuangan. Padahal, menurut Josua, stabilitas sistem keuangan Indonesia saat ini sudah cukup terjaga, tercermin dari inflasi yang rendah dan nilai tukar rupiah yang masih cukup baik, meski tengah melemah karena pengaruh dana asing keluar dari pasar modal.Lihat juga:Kemnaker Masih Periksa 103 Perusahaan yang 'Nunggak' THR 2020Kasus ini pernah terjadi di Turki dan India. Pada 2019, Presiden Turki Recep Tayyip Erdogan memecat Gubernur Bank Sentral Turki Murat Cetinkaya.""Dampaknya bukanlah positif, justru inflasi meningkat, lira Turki juga melemah,"" katanya.Begitu juga dengan India, Gubernur Bank Sentral Urjit Patel mengundurkan diri dan diduga karena intervensi pemerintah. Hasilnya pun sama, inflasi membengkak.Kondisi serupa sebenarnya juga pernah dialami Indonesia pada 1960-an. ""Pada 60-an, bank sentral tidak independen lalu mengalami hyper inflation karena berkontribusi untuk mencetak uang untuk anggaran pemerintah,"" tuturnya.Lihat juga:Pemerintah Cairkan THR PNS, TNI dan Polri H-10 LebaranMaka dari itu, atas pertimbangan plus minus ini, Josua menilai seharusnya yang dibutuhkan ke depan bukanlah satu pusat komando yang sama, namun penguatan peran masing-masing. Mulai dari Bank Indonesia, Otoritas Jasa Keuangan (OJK), hingga Lembaga Penjamin Simpanan (LPS).""Dengan koordinasi yang lebih kuat akan membuat keputusan yang lebih baik, termasuk untuk penyelesaian masalah bank, apalagi kita sudah tidak ada bail out, tapi bail in,"" terangnya.Senada Wakil Ketua Komisi XI DPR Fathan Subchi menekankan yang terpenting adalah penguatan koordinasi dan perang masing-masing lembaga di bawah KSSK. Namun, hal ini tak semata-mata menghapus independensi dari BI.""Soal tanggung jawab bersama, itu bisa dicari satu lembaga yang komprehensif karena memang di UU Penanggulangan Krisis, KSSK sebagai lembaga di bawah presiden untuk putuskan misalnya bank sudah masuk bank gagal atau sistemik belum, lalu akan diintervensi oleh LPS,"" pungkasnya.[Gambas:Video CNN] (uli/age)"
BKF Buka Suara Soal Isu Amputasi Kewenangan OJK,2024-08-19T09:33:13.127Z,"Jumat, 03 Jul 2020 13:37 WIB",,https://www.cnnindonesia.com/ekonomi/20200703130410-532-520469/bkf-buka-suara-soal-isu-amputasi-kewenangan-ojk,"Jakarta, CNN Indonesia -- Badan Kebijakan Fiskal (BKF) Kementerian Keuangan (Kemenkeu) mengatakan pemerintah terus melakukan evaluasi kebijakan dari sisi fiskal dan moneter dalam rangka pemulihan ekonomi nasional (PEN) di dalam negeri pasca dihantam pandemi virus corona.Hal ini merupakan respons atas pertanyaan awak media terkait isu yang berkembang terkait rencana Presiden Joko Widodo (Jokowi) terkait mengembalikan regulasi perbankan ke Bank Indonesia (BI) dari posisi sekarang di Otoritas Jasa Keuangan (OJK).""Evaluasi ke depan dinamika seperti apa dalam pelaksana kebijakan koordinasi antar institusi baik fiskal dan moneter untuk mendukung percepatan PEN seperti apa. Ingin melihat dinamika ke depan seperti apa,"" ungkap Kepala Pusat Kebijakan APBN BKF Kemenkeu Ubaidi S Hamidi dalam video conference, Jumat (3/7).
@import url(""https://cdnstatic.detik.com/live/_rmbassets/2022/parallax/parallax.css"");



ADVERTISEMENT









  









SCROLL TO CONTINUE WITH CONTENT


function paraA(e) {
var p = $(e);
$(e + "" .para_fix"").width(p.width());
}
$("".paraA iframe"").on(""load"", paraA("".paraA""));

Lihat juga:OJK Tak Masalah Menkeu Taruh Dana Pemulihan Ekonomi di BUMNMenurut dia, selama ini pemerintah selalu melakukan bauran kebijakan dengan berbagai institusi seperti BI dan OJK dalam membuat beberapa kebijakan di sektor keuangan. Pemerintah akan terus melakukan koordinasi dengan seluruh instansi yang terlibat terkait implementasi dari setiap kebijakan yang dibuat.""Penting bagaimana bisa dilakukan koordinasi bersama terkait pelaksanaan kebijakan,"" imbuh Ubaidi. Sayangnya, Ubaidi tak menjawab tegas terkait isu yang menyebut wewenang perbankan akan dikembalikan lagi ke BI. Hal yang pasti, pemerintah akan melakukan bauran kebijakan dalam rangka memulihkan ekonomi nasional.Lihat juga:105 Pinjol Dapat Untung saat CoronaMengutip laman resmi OJK, lembaga itu dibentuk pada 2011 berdasarkan Undang-undang Nomor 21 Tahun 2011 tentang OJK. Namun, pengawasan sektor perbankan beralih dari BI ke OJK pada 31 Desember 2013.Dalam Pasal 6 UU Nomor 21 Tahun 2011 disebutkan tugas utama OJK adalah melakukan pengaturan dan pengawasan terhadap kegiatan jasa keuangan di sektor perbankan, pasar modal, dan industri keuangan non bank (IKNB). Lembaga keuangan non bank yang dimaksud, seperti perusahaan asuransi, dana pensiun, dan perusahaan pembiayaan.OJK pun memiliki dalam mengawasi sektor keuangan khususnya perbankan, misalnya perizinan untuk pendirian bank, kegiatan usaha bank, pengaturan dan pengawasan mengenai kesehatan bank, serta pengaturan dan pengawasan mengenai aspek kehati-hatian bank. Di sini, OJK berwenang untuk mengatur manajemen risiko industri perbankan, tata kelola perbankan, hingga pemeriksaan bank.[Gambas:Video CNN] (uli/age)"
G20 Akan Longgarkan Kebijakan Moneter Hadapi Virus Corona,2024-08-19T09:33:15.801Z,"Senin, 24 Feb 2020 15:15 WIB",,https://www.cnnindonesia.com/ekonomi/20200224115116-532-477450/g20-akan-longgarkan-kebijakan-moneter-hadapi-virus-corona,"Jakarta, CNN Indonesia -- Menteri keuangan dan gubernur bank sentral G20 akan melonggarkan kebijakan moneter menghadapi wabah virus corona yang melanda dunia.Dana Moneter Internasional (IMF) memproyeksikan epidemi ini akan mengikis 0,1 poin dari pertumbuhan global.Para pemimpin G20 tersebut dengan tegas akan terus melakukan pemantauan risiko global dari virus corona.
@import url(""https://cdnstatic.detik.com/live/_rmbassets/2022/parallax/parallax.css"");



ADVERTISEMENT









  









SCROLL TO CONTINUE WITH CONTENT


function paraA(e) {
var p = $(e);
$(e + "" .para_fix"").width(p.width());
}
$("".paraA iframe"").on(""load"", paraA("".paraA""));

Dikutip dari Antara, Menteri Keuangan AS Steve Mnuchin mengungkap para bangkir akan mencari opsi untuk menanggapi epidemi. Sementara itu, Gubernur Bank of Jepang, Bank of Japan Haruhiko Kuroda mengatakan pihaknya siap melonggarkan kebijakan jika diperlukan.Lihat juga:Ekonom soal RI Dicoret dari Negara Berkembang: Akal LicikChina pun akan meningkatkan penyesuaian kebijakan untuk membantu kebijakan untuk membantu meredam pukulan terhadap ekonomi dan wabah. ""Wabah virus corona pasti akan memiliki dampak relatif besar pada ekonomi dan masyarakat,"" ujar Presiden China Xi Jinping.Menteri Keuangan Saudi Mohammed al-Jadaan mengatakan pihaknya telah sepakat dengan seluruh negara G20 akan menyiapkan intervensi dengan kebijakan yang diperlukan.Direktur Pelaksana IMF Kristalina Georgieva mengatakan dalam skenario dasar, kebijakan yang diterapkan ekonomi China akan kembali normal pada kuartal dua.Lihat juga:Dicoret dari Negara Berkembang, Indonesia Belum Negara Maju""Akibatnya, dampak pada ekonomi dunia akan relatif kecil dan berumur pendek. Namun, kami juga melihat skenario yang lebih mengerikan di mana penyebaran virus berlanjut lebih lama dan global dengan konsekuensi pertumbuhan yang berlarut,"" ujarnya.Hingga saat ini, virus corona telah menyebar ke 30 negara. Sebanyak 79.360 kasus telah terdeteksi di seluruh dunia dan menelan korban meninggal hingga 2.619 orang.[Gambas:Video CNN] (age/bir)"
Kemenkeu Berduka atas Wafatnya Menkeu Orde Baru JB Sumarlin,2024-08-19T09:33:17.789Z,"Kamis, 06 Feb 2020 15:50 WIB",,https://www.cnnindonesia.com/ekonomi/20200206152557-532-472296/kemenkeu-berduka-atas-wafatnya-menkeu-orde-baru-jb-sumarlin,"Jakarta, CNN Indonesia -- Kementerian Keuangan menyatakan duka atas meninggalnya mantan menteri di lembaga tersebut pada hari ini, JB Sumarlin.Pelaksana Tugas Kepala Biro Komunikasi dan Layanan Informasi Kementerian Keuangan Nufransa Wira Sakti mengatakan pihaknya berduka dan kehilangan sosok panutan yang berperan besar pada ekonomi Indonesia pada akhir 1980-an.""Beliau sangat terkenal dengan Gebrakan Sumarlin berupa Paket Kebijakan Deregulasi di Bidang Moneter, Keuangan dan Perbankan. Kebijakan ini berhasil mengendalikan inflasi saat menjadi Menkeu,"" kata Nufransa dalam rilisnya, Kamis (6/2).
@import url(""https://cdnstatic.detik.com/live/_rmbassets/2022/parallax/parallax.css"");



ADVERTISEMENT









  









SCROLL TO CONTINUE WITH CONTENT


function paraA(e) {
var p = $(e);
$(e + "" .para_fix"").width(p.width());
}
$("".paraA iframe"").on(""load"", paraA("".paraA""));

[Gambas:Video CNN]Dia menuturkan atas kebijakan itu membuat Sumarlin mendapatkan penghargaan Menteri Keuangan terbaik oleh Euromoney pada 1989 serta oleh majalah Asia pada 1990. Saat itu, pemerintahan Indonesia dipimpin oleh Presiden Soeharto. Era itu juga dikenal sebagai Orde Baru, yang berakhir pada Mei 1998 setelah presiden tersebut turun dari kekuasaan.Diketahui, Sumarlin meninggal dunia sekitar pukul 14.00 di RS Carolus, Salemba, Jakarta Pusat.Lihat juga:Menerka Gimik Sri Mulyani Curhat Janji Kampanye Jokowi (asa/asa)"
"Hindari Resesi, Singapura Longgarkan Kebijakan Moneter",2024-08-19T09:33:20.145Z,"Senin, 14 Okt 2019 12:44 WIB",,https://www.cnnindonesia.com/ekonomi/20191014120656-78-439277/hindari-resesi-singapura-longgarkan-kebijakan-moneter,"Jakarta, CNN Indonesia -- Bank sentral Singapura (MAS) melonggarkan kebijakan moneternya pada Senin (14/10). Pelonggaran yang dilakukan untuk pertama kalinya sejak 2016 itu dilakukan sebagai strategi untuk menghindari terjadinya resesi di tengah perang dagang AS-China.Sebelumnya, resesi dapat diartikan sebagai kontraksi perekonomian yang terjadi selama dua kuartal berturut-turut.Dilansir dari AFP, Senin (14/10), kebijakan moneter Singapura tidak menggunakan suku bunga melainkan melalui pengelolaan nilai tukar.  Dalam hal ini, membiarkan kurs dolar Singapura menguat atau melemah terhadap sekeranjang mata uang mitra dagangnya merupakan cara yang bisa ditempuh.
@import url(""https://cdnstatic.detik.com/live/_rmbassets/2022/parallax/parallax.css"");



ADVERTISEMENT









  









SCROLL TO CONTINUE WITH CONTENT


function paraA(e) {
var p = $(e);
$(e + "" .para_fix"").width(p.width());
}
$("".paraA iframe"").on(""load"", paraA("".paraA""));

Pelonggaran moneter dilakukan otoritas moneter dengan sedikit mengurangi laju apresiasi rentang nilai tukar mata uangnya.Lihat juga:Rembuk Dagang AS-China Tekan Emas Jadi Rp754 Ribu per Gram""Dalam enam bulan terakhir, perlambatan pertumbuhan pendapatan domestik bruto (PDB) yang dipengaruhi oleh sektor manufaktur kian meningkat, mencerminkan penurunan pada siklus elektronik global dan juga berkurangnya belanja investasi yang sebagian disebabkan oleh ketidakpastian hubungan AS-China,"" ujar MAS. Sebagai negara yang perekonomiannya mengandalkan ekspor, Singapura menjadi negara pertama di Asia yang terkena imbas perlambatan ekonomi global. Hal itu tercermin, dari pertumbuhan ekonomi dan ekspor yang lesu selama beberapa bulan terakhir.Dalam laporan prediksi awal yang juga dirilis hari ini, perekonomian Singapura pada kuartal III  berhasil menghindari resesi dengan tumbuh 0,6 persen secara kuartalan. Angka ini membaik dibandingkan kuartal II lalu di mana ekonomi Singapura merosot 2,7 persen.Sektor manufaktur yang menjadi pilar perekonomian Singapura juga merosot 3,5 persen, lebih dalam dibandingkan kontraksi kuartal sebelumnya yang sebesar 3,3 persen.Lihat juga:Dekati Rp70 Ribu per Kg, Harga Cabai Rawit Merah Kian 'Pedas'Capital Economics memperkirakan perekonomian Singapura tumbuh 0,5 persen tahun ini.Ekonom CIMB Private Banking Song Seng Wun mengungkapkan dengan terhindarnya perekonomian dari resesi, otoritas moneter menilai sedikit pelonggaran kebijakan sudah cukup. Bank sentral juga berharap pertumbuhan ekonomi pada 2020 lebih baik dari tahun ini.Terlebih, AS-China telah menyepakati sebagian perjanjian untuk menyelesaikan perang dagang antara dua perekonomian terbesar itu.""Mungkin kesepakatan AS-China fase satu menambah sedikit harapan untuk 2020,"" ujarnya.[Gambas:Video CNN] (AFP/sfr)"
IMF-WB: BI Fokus Kebijakan Moneter dan Perdagangan Global,2024-08-19T09:33:24.145Z,"Selasa, 09 Okt 2018 09:35 WIB",,https://www.cnnindonesia.com/ekonomi/20181009081412-532-336809/imf-wb-bi-fokus-kebijakan-moneter-dan-perdagangan-global,"Nusa Dua, CNN Indonesia -- Bank Indonesia (BI) akan fokus pada empat topik dalam pertemuan tahunan Dana Moneter Internasional-Bank Dunia (IMF-World Bank), khususnya kebijakan moneter negara maju, terutama Amerika Serikat (AS) dan ketergantungan Indonesia terhadap perdagangan global.Gubernur BI Perry Warjiyo mengungkapkan salah satu kebijakan moneter yang akan dibicarakan adalah potensi kenaikan suku bunga acuan Federal Reserve. Seperti diketahui, bank sentral AS itu telah menaikkan suku bunga acuan sebanyak tiga kali pada tahun ini dan masih berpeluang kembali naik satu kali lagi.""Kami akan menyuarakan kepentingan Indonesia seperti ini agar memang pemulihan ekonomi global seimbang dan suku bunga negara maju lebih jelas arahnya,"" ucap Perry di Bali, Senin (8/10).
@import url(""https://cdnstatic.detik.com/live/_rmbassets/2022/parallax/parallax.css"");



ADVERTISEMENT









  









SCROLL TO CONTINUE WITH CONTENT


function paraA(e) {
var p = $(e);
$(e + "" .para_fix"").width(p.width());
}
$("".paraA iframe"").on(""load"", paraA("".paraA""));

Lihat juga:BPK Audit Biaya Hajatan IMF-Bank Dunia di Bali pada 2019Sebagai informasi, suku bunga acuan The Fed saat ini 2-2,25 persen, usai dinaikkan bulan lalu sebesar 25 basis poin. Tak berselang lama, BI ikut mengerek suku bunga acuan sebesar 25 basis poin menjadi 5,75 persen.Selanjutnya, BI juga akan membahas mengenai pembiayaan infrastruktur, seiring dengan sikap pemerintah yang menggenjot pembangunan infrastruktur beberapa tahun terakhir. ""Ini akan kami usahakan agar pembiayaan infrastruktur tidak hanya dari Anggaran Pendapatan dan Belanja Negara (APBN), tapi juga swasta,"" tutur Perry.Lihat juga:Sri Mulyani Sebut Laju Kenaikan Bunga AS Bikin Rupiah KeokIa mencontohkan, pemerintah memiliki berbagai macam penawaran skema pendanaan untuk pembangunan infrastruktur, mulai dari obligasi berbasis proyek (project bond), hingga penanaman modal di dalam proyek infrastruktur secara langsung.""Isu lainnya adalah bagaimana Indonesia bisa memanfaatkan ekonomi digital untuk kemajuan ekonomi Indonesia,"" sambung Perry.Perry berharap ekonomi digital di Indonesia bisa mengembangkan industri Usaha Mikro Kecil dan Menengah (UMKM), perusahaan teknologi informasi (financial technology/fintech), dan perusahaan rintisan (startup).Terakhir, BI juga memilih pembahasan keuangan syariah sebagai salah satu pokok pembahasan dalam ajang tahunan ini. Nantinya, BI akan menunjukkan potensi pengembangan ekonomi syariah Indonesia.Lihat juga:RI Berpeluang Kantongi Rp200 T dari Forum Investasi di Bali""Pertemuan tahunan kali ini pun menandai pertama kalinya tema ekonomi syariah mendapat porsi pembahasan yang cukup besar,"" pungkas Perry. (aud/lav)"
BI Paparkan Arah kebijakan Moneter Tahun Depan,2024-08-19T09:33:26.801Z,"Selasa, 28 Nov 2017 20:43 WIB",,https://www.cnnindonesia.com/ekonomi/20171128204007-532-258753/bi-paparkan-arah-kebijakan-moneter-tahun-depan,"Jakarta, CNN Indonesia -- Bank Indonesia (BI) menyatakan arah kebijakan moneter bank sentral tahun depan tetap mengarah pada upaya menjaga tingkat inflasi agar sesuai dengan sasarannya. Seperti diberitakan sebelumnya, tahun depan BI menargetkan inflasi akan ada di kisaran 3,5 plus minus 1 persen.""Pada sisi kebijakan moneter, Bank Indonesia (BI) akan terus menempuh stance kebijakan moneter yang terukur dan sesuai dengan upaya menjaga inflasi dalam kisaran sasarannya,"" ujar Gubernur BI Agus DW Martowardojo pada Pertemuan Tahunan BI 2017, Selasa (28/11).Selain itu, lanjut Agus, arah kebijakan moneter BI juga untuk mengendalikan defisit transaksi berjalan (CAD) di level yang aman. Tahun ini, CAD diperkirakan akan berada di bawah dua persen di bawah Pendapatan Domestik Bruto (PDB). Sementara tahun depan CAD diperkirakan melebar menjadi di bawah tiga persen dari PDB seiring meningkatnya aktivitas ekonomi.
@import url(""https://cdnstatic.detik.com/live/_rmbassets/2022/parallax/parallax.css"");



ADVERTISEMENT









  









SCROLL TO CONTINUE WITH CONTENT


function paraA(e) {
var p = $(e);
$(e + "" .para_fix"").width(p.width());
}
$("".paraA iframe"").on(""load"", paraA("".paraA""));

Lihat juga:Gunung Agung Aktif, Pemerintah Kaji Ulang Lokasi Forum IMF-WBBank sentral juga akan memberikan ruang lebih bagi bank dalam mengelola likuiditasnya. Caranya dengan memperkuat implementasi Giro Wajib Minimum (GWM) rata-rata (averaging). Ke depan, GWM averaging akan dikembangkan tidak hanya untuk bank konvensional tetapi juga untuk bank syariah.Secara bertahap, ketentuan ini juga akan diberlakukan untuk likuditas valuta asing (valas), tidak hanya rupiah. Dengan cara ini, BI berharap biaya dana perbankan bisa ditekan dan berujung pada turunnya suku bunga kredit. Terkait nilai tukar, bank sentral akan selalu berada di pasar untuk menjaga rupiah agar sesuai nilai fundamentalnya dengan memperhatikan mekanisme pasar. BI ingin mengurangi ketergantungan Indonesia kepada mata uang tertentu sehingga bisa meredam dampak negatif jika terjadi gejolak pada satu mata uang. Salah satu caranya, adalah dengan terus mendorong swap lindung nilai dengan mata uang non dolar AS.Selanjutnya, BI akan terus mendorong upaya pendalaman pasar keuangan melalui kerja sama dengan berbagai instansi, Kementerian Keuangan dan Otoritas Jasa Keuangan (OJK). Salah satunya dilakukan dengan penyusunan penguatan cetak biru (blue print) penguatan kelembagaan untuk transaksi derivatif, pengembangan industri jangka pendek sesuai kebutuhan pasar.Lihat juga:BI Gandeng Polri Sebar Uang ke Pulau TerpencilDi sektor makroprudensial, BI bakal menyempurnakan kebijakan ketentuan uang muka kredit perumahan (LTV). Setelah sebelumnya mengkaji soal ketentuan LTV berdasarkan wilayah (spasial), BI kini intens mengkaji penyempurnaan kebijakan dengan memperhatikan segmen atau jenis properti.BI juga mendorong pengembangan perekonomian syariah. Misalnya dengan mengeluarkan instrumen pengembangan pembiayaan sosial keagamaan.Di sistem pembayaran, BI akan melanjutkan upaya elektronifikasi dan integrasi sistem pembayaran sehingga lebih efisien. Tahun depan, BI akan fokus dalam pembentukan kelembagaan yang dibutuhkan dalam elektronifikasi sistem pembayaran dalam hal ini lembaga switching, standar, dan services.Agus mengungkapkan stabilitas makroekonomi dan keuangan saat ini masih terjaga. Karenanya, BI meyakini tingkat inflasi tahun depan masih terkendali. Hal ini juga bisa menjadi modal bagi Indonesia untuk menciptakan pertumbuhan ekonomi yang lebih kuat, seimbang dan inklusif. Adapun tahun depan, bank sentral memperkirakan perekonomian Indonesia akan tumbuh di kisaran 5,1 hingga 5,5 persen.Namun demikian,tahun depan, perekonomian Indonesia masih harus menghadapi berbagai tantangan, baik di tingkat global maupun domestik.Lihat juga:Bank Dunia: Remitansi TKI Tembus Rp118 TriliunDi tingkat global, tantangan berasal dari beberapa hal. Pertama, berlanjutnya tren pengetatan di negara maju yang berisiko mempengaruhi arah likuiditas dunia dari negara berkembang ke negara maju. Kemudian, pertumbuhan ekonomi global bisa saja tak sekuat perkiraan sehingga akan mempengaruhi permintaan dunia.Selanjutnya, krisis geopolitik di sejumlah negara, salah satunya Semenanjung Korea, juga perlu dicermati. Pasalnya, hal ini bisa mempengaruhi arus modal di negara berkembang, termasuk Indonesia. Selain itu, gejala proteksionisme perdagangan negara-negara di dunia juga perlu dicermati karena akan mempengaruhi aktivitas perdagangan.Di sisi domestik, pertumbuhan ekonomi domestik masih belum optimal dalam merespon perkembangan perekonomian global. Hal itu tercermin dari pertumbuhan konsumsi rumah tangga yang masih terbatas.Struktur ekspor Indonesia yang masih terpaku pada komoditas sumber daya alam perlu diperbaiki. Kemudian, penyebaran pasar ekspor dibandingkan periode sebelumnya juga makin terkonsentrasi ke China. Hal ini memberikan risiko penurunan aktivitas perdagangan jika terjadi gejolak di China.Berikutnya, ketergantungan impor jasa, khususnya jasa transportasi, masih tinggi sehingga menyebabkan neraca jasa masih defisit. Dari sisi pembiayaan domestik juga belum optimal. Akibatnya, pembiayaan masih banyak yang bergantung dari luar negeri.Terakhir, perkembangan teknologi digital juga perlu diantisipasi. Meskipun dapat meningkatkan efisiensi, teknologi digital meningkatkan berbagai risiko seperti kemudahan dalam pencucian uang hingga kejahatan siber.Lihat juga:Pola Belanja Geser ke Online, Pajak Kurir dan Gudang Meroket (lav/lav)"
